{ Bread Butter Cookies } ,-> , {Egg } , 33.3333
{ Bread Butter Egg } ,-> , {Cookies } , 50
{ Bread Butter } ,-> , {Cookies Egg } , 11.1111
{ Bread Cookies Egg } ,-> , {Butter } , 100
{ Bread Cookies } ,-> , {Butter Egg } , 25
{ Bread Egg } ,-> , {Butter Cookies } , 50
{ Bread } ,-> , {Butter Cookies Egg } , 10
{ Butter Cookies Egg } ,-> , {Bread } , 100
{ Butter Cookies } ,-> , {Bread Egg } , 33.3333
{ Butter Egg } ,-> , {Bread Cookies } , 33.3333
{ Butter } ,-> , {Bread Cookies Egg } , 10
{ Cookies Egg } ,-> , {Bread Butter } , 100
{ Cookies } ,-> , {Bread Butter Egg } , 20
{ Egg } ,-> , {Bread Butter Cookies } , 33.3333
{ Bread Butter Cookies } ,-> , {Milk } , 33.3333
{ Bread Butter Milk } ,-> , {Cookies } , 16.6667
{ Bread Butter } ,-> , {Cookies Milk } , 11.1111
{ Bread Cookies Milk } ,-> , {Butter } , 50
{ Bread Cookies } ,-> , {Butter Milk } , 25
{ Bread Milk } ,-> , {Butter Cookies } , 14.2857
{ Bread } ,-> , {Butter Cookies Milk } , 10
{ Butter Cookies Milk } ,-> , {Bread } , 100
{ Butter Cookies } ,-> , {Bread Milk } , 33.3333
{ Butter Milk } ,-> , {Bread Cookies } , 14.2857
{ Butter } ,-> , {Bread Cookies Milk } , 10
{ Cookies Milk } ,-> , {Bread Butter } , 33.3333
{ Cookies } ,-> , {Bread Butter Milk } , 20
{ Milk } ,-> , {Bread Butter Cookies } , 11.1111
{ Bread Butter Egg } ,-> , {Milk } , 50
{ Bread Butter Milk } ,-> , {Egg } , 16.6667
{ Bread Butter } ,-> , {Egg Milk } , 11.1111
{ Bread Egg Milk } ,-> , {Butter } , 100
{ Bread Egg } ,-> , {Butter Milk } , 50
{ Bread Milk } ,-> , {Butter Egg } , 14.2857
{ Bread } ,-> , {Butter Egg Milk } , 10
{ Butter Egg Milk } ,-> , {Bread } , 50
{ Butter Egg } ,-> , {Bread Milk } , 33.3333
{ Butter Milk } ,-> , {Bread Egg } , 14.2857
{ Butter } ,-> , {Bread Egg Milk } , 10
{ Egg Milk } ,-> , {Bread Butter } , 50
{ Egg } ,-> , {Bread Butter Milk } , 33.3333
{ Milk } ,-> , {Bread Butter Egg } , 11.1111
{ Bread Cookies Ketchup } ,-> , {Milk } , 100
{ Bread Cookies Milk } ,-> , {Ketchup } , 50
{ Bread Cookies } ,-> , {Ketchup Milk } , 25
{ Bread Ketchup Milk } ,-> , {Cookies } , 100
{ Bread Ketchup } ,-> , {Cookies Milk } , 50
{ Bread Milk } ,-> , {Cookies Ketchup } , 14.2857
{ Bread } ,-> , {Cookies Ketchup Milk } , 10
{ Cookies Ketchup Milk } ,-> , {Bread } , 100
{ Cookies Ketchup } ,-> , {Bread Milk } , 100
{ Cookies Milk } ,-> , {Bread Ketchup } , 33.3333
{ Cookies } ,-> , {Bread Ketchup Milk } , 20
{ Ketchup Milk } ,-> , {Bread Cookies } , 50
{ Ketchup } ,-> , {Bread Cookies Milk } , 33.3333
{ Milk } ,-> , {Bread Cookies Ketchup } , 11.1111
{ Butter Egg Ketchup } ,-> , {Milk } , 100
{ Butter Egg Milk } ,-> , {Ketchup } , 50
{ Butter Egg } ,-> , {Ketchup Milk } , 33.3333
{ Butter Ketchup Milk } ,-> , {Egg } , 100
{ Butter Ketchup } ,-> , {Egg Milk } , 50
{ Butter Milk } ,-> , {Egg Ketchup } , 14.2857
{ Butter } ,-> , {Egg Ketchup Milk } , 10
{ Egg Ketchup Milk } ,-> , {Butter } , 100
{ Egg Ketchup } ,-> , {Butter Milk } , 100
{ Egg Milk } ,-> , {Butter Ketchup } , 50
{ Egg } ,-> , {Butter Ketchup Milk } , 33.3333
{ Ketchup Milk } ,-> , {Butter Egg } , 50
{ Ketchup } ,-> , {Butter Egg Milk } , 33.3333
{ Milk } ,-> , {Butter Egg Ketchup } , 11.1111
